Model,CV_MAE,CV_STD
Linear Regression,0.44055902081644194,0.03375818091090312
Random Forest,0.474808749999999,0.057476736106035736
