Model,MAE,RMSE,R2
Linear Regression,0.41935601998260413,0.5351796572669277,0.4271999078424884
Random Forest,0.45030684931507026,0.5803275286835426,0.32648041349511836
