{
    "MAE": 0.4435180661918914,
    "RMSE": 0.5528492322088303,
    "R2": 0.38875220346342965,
    "runtime_seconds": 5.6590447425842285
}